{"mean":{"confidence_interval":{"confidence_level":0.95,"lower_bound":5342352899.74725,"upper_bound":5396465465.559999},"point_estimate":5369182695.32,"standard_error":13817890.466861228},"median":{"confidence_interval":{"confidence_level":0.95,"lower_bound":5328133097.0,"upper_bound":5398163075.0},"point_estimate":5359735186.0,"standard_error":16834995.111335736},"median_abs_dev":{"confidence_interval":{"confidence_level":0.95,"lower_bound":110602278.27801704,"upper_bound":171190702.5081575},"point_estimate":134417372.0938146,"standard_error":15771781.274425903},"slope":null,"std_dev":{"confidence_interval":{"confidence_level":0.95,"lower_bound":117782717.34718783,"upper_bound":158712830.74029094},"point_estimate":138963098.31576863,"standard_error":10443203.781576442}}