{"mean":{"confidence_interval":{"confidence_level":0.95,"lower_bound":4516075936.1345005,"upper_bound":4540530400.42925},"point_estimate":4527806977.13,"standard_error":6218056.407973244},"median":{"confidence_interval":{"confidence_level":0.95,"lower_bound":4499771757.0,"upper_bound":4517035228.0},"point_estimate":4507918921.0,"standard_error":3893359.772393062},"median_abs_dev":{"confidence_interval":{"confidence_level":0.95,"lower_bound":29166997.285482287,"upper_bound":49831499.44021404},"point_estimate":41684159.65055823,"standard_error":5327268.721580481},"slope":null,"std_dev":{"confidence_interval":{"confidence_level":0.95,"lower_bound":47200671.01452626,"upper_bound":76037573.94552921},"point_estimate":62567823.672433555,"standard_error":7389823.2964295875}}