{"mean":{"confidence_interval":{"confidence_level":0.95,"lower_bound":4462861328.458751,"upper_bound":4471957177.771501},"point_estimate":4467105299.79,"standard_error":2322575.5272476557},"median":{"confidence_interval":{"confidence_level":0.95,"lower_bound":4463912968.0,"upper_bound":4471420893.0},"point_estimate":4467236030.5,"standard_error":2075695.814287492},"median_abs_dev":{"confidence_interval":{"confidence_level":0.95,"lower_bound":10944379.541498423,"upper_bound":18483378.90995443},"point_estimate":14542498.452419043,"standard_error":1915694.7951322836},"slope":null,"std_dev":{"confidence_interval":{"confidence_level":0.95,"lower_bound":14977365.249458447,"upper_bound":32944481.56146977},"point_estimate":23249462.23623844,"standard_error":5241954.607121137}}