{"mean":{"confidence_interval":{"confidence_level":0.95,"lower_bound":87433208.838,"upper_bound":88124296.87775},"point_estimate":87724706.42,"standard_error":177966.27838248858},"median":{"confidence_interval":{"confidence_level":0.95,"lower_bound":87473659.0,"upper_bound":87785318.0},"point_estimate":87667941.0,"standard_error":90063.78279084146},"median_abs_dev":{"confidence_interval":{"confidence_level":0.95,"lower_bound":687230.7148142159,"upper_bound":1234114.7354900837},"point_estimate":932870.4359382391,"standard_error":138031.87935876535},"slope":null,"std_dev":{"confidence_interval":{"confidence_level":0.95,"lower_bound":823978.8005780941,"upper_bound":2805817.876334994},"point_estimate":1787226.899620135,"standard_error":643895.2074582957}}