{"mean":{"confidence_interval":{"confidence_level":0.95,"lower_bound":175689441.72,"upper_bound":178030584.954},"point_estimate":176792948.87,"standard_error":596167.2048353119},"median":{"confidence_interval":{"confidence_level":0.95,"lower_bound":174193977.0,"upper_bound":175477787.0},"point_estimate":174760574.5,"standard_error":352631.4963164602},"median_abs_dev":{"confidence_interval":{"confidence_level":0.95,"lower_bound":2115592.325940728,"upper_bound":3474352.947717905},"point_estimate":2975724.924570322,"standard_error":350225.2330596182},"slope":null,"std_dev":{"confidence_interval":{"confidence_level":0.95,"lower_bound":4351959.700614912,"upper_bound":7424008.443377116},"point_estimate":6006215.101372107,"standard_error":783336.7801255508}}