{"mean":{"confidence_interval":{"confidence_level":0.95,"lower_bound":178859466.90675002,"upper_bound":183982976.01174998},"point_estimate":181394728.76,"standard_error":1303218.646375892},"median":{"confidence_interval":{"confidence_level":0.95,"lower_bound":179721859.5,"upper_bound":184949003.5},"point_estimate":182763710.0,"standard_error":1210676.9653290922},"median_abs_dev":{"confidence_interval":{"confidence_level":0.95,"lower_bound":8797188.562318683,"upper_bound":17048123.542535305},"point_estimate":12952106.788954139,"standard_error":2036388.609420984},"slope":null,"std_dev":{"confidence_interval":{"confidence_level":0.95,"lower_bound":11177975.199661084,"upper_bound":15060830.774621455},"point_estimate":13122651.37459496,"standard_error":997434.9425654631}}