{"mean":{"confidence_interval":{"confidence_level":0.95,"lower_bound":6016820.048625,"upper_bound":6051230.8174375},"point_estimate":6030138.18375,"standard_error":9247.285061888979},"median":{"confidence_interval":{"confidence_level":0.95,"lower_bound":6015590.875,"upper_bound":6018659.75},"point_estimate":6016982.25,"standard_error":714.5902069015928},"median_abs_dev":{"confidence_interval":{"confidence_level":0.95,"lower_bound":6584.504470601678,"upper_bound":10291.467717289925},"point_estimate":8470.371637120843,"standard_error":934.2794169937565},"slope":null,"std_dev":{"confidence_interval":{"confidence_level":0.95,"lower_bound":7921.669116066909,"upper_bound":153340.96651106933},"point_estimate":93275.11505187649,"standard_error":41881.198734743826}}