{"mean":{"confidence_interval":{"confidence_level":0.95,"lower_bound":8082313.142583329,"upper_bound":8159843.325833335},"point_estimate":8119162.534999999,"standard_error":19827.08365858579},"median":{"confidence_interval":{"confidence_level":0.95,"lower_bound":8008149.333333333,"upper_bound":8103187.333333333},"point_estimate":8033151.833333333,"standard_error":24309.296608917608},"median_abs_dev":{"confidence_interval":{"confidence_level":0.95,"lower_bound":65119.37379389909,"upper_bound":171656.9075524807},"point_estimate":105291.03783070995,"standard_error":27461.86190665783},"slope":null,"std_dev":{"confidence_interval":{"confidence_level":0.95,"lower_bound":148700.80443529188,"upper_bound":244637.6768808031},"point_estimate":199125.29333874834,"standard_error":24588.174909947287}}