{"mean":{"confidence_interval":{"confidence_level":0.95,"lower_bound":37028615.257874995,"upper_bound":37191026.37625},"point_estimate":37085276.75,"standard_error":50230.96801659331},"median":{"confidence_interval":{"confidence_level":0.95,"lower_bound":37018968.0,"upper_bound":37043779.0},"point_estimate":37031162.25,"standard_error":6561.933546008562},"median_abs_dev":{"confidence_interval":{"confidence_level":0.95,"lower_bound":33820.69994956255,"upper_bound":57735.40817499161},"point_estimate":44864.95780348778,"standard_error":5927.176193967443},"slope":null,"std_dev":{"confidence_interval":{"confidence_level":0.95,"lower_bound":38728.925169438975,"upper_bound":864159.0613971384},"point_estimate":504758.40278702,"standard_error":297105.28041292744}}