{"mean":{"confidence_interval":{"confidence_level":0.95,"lower_bound":37684678.348875,"upper_bound":38067885.976500005},"point_estimate":37864355.035,"standard_error":97830.48019855702},"median":{"confidence_interval":{"confidence_level":0.95,"lower_bound":37359611.5,"upper_bound":37560944.0},"point_estimate":37445615.0,"standard_error":50049.055045742876},"median_abs_dev":{"confidence_interval":{"confidence_level":0.95,"lower_bound":190234.25587266684,"upper_bound":496090.9239426255},"point_estimate":315591.4194971323,"standard_error":84192.47616748349},"slope":null,"std_dev":{"confidence_interval":{"confidence_level":0.95,"lower_bound":658039.1387046208,"upper_bound":1278569.1545588463},"point_estimate":983898.1926923943,"standard_error":158978.05401214064}}