{"mean":{"confidence_interval":{"confidence_level":0.95,"lower_bound":25499184.689749993,"upper_bound":25625877.901416663},"point_estimate":25543829.29333334,"standard_error":38569.05736824754},"median":{"confidence_interval":{"confidence_level":0.95,"lower_bound":25490406.0,"upper_bound":25513143.0},"point_estimate":25503247.333333336,"standard_error":6514.504656725434},"median_abs_dev":{"confidence_interval":{"confidence_level":0.95,"lower_bound":30447.16725945841,"upper_bound":48461.498239637345},"point_estimate":39252.82270312217,"standard_error":4500.552091963414},"slope":null,"std_dev":{"confidence_interval":{"confidence_level":0.95,"lower_bound":35108.10586686596,"upper_bound":664807.5933303313},"point_estimate":388729.5838598418,"standard_error":225258.01794370645}}