{"mean":{"confidence_interval":{"confidence_level":0.95,"lower_bound":84062190.08425,"upper_bound":84678326.0945},"point_estimate":84327749.68,"standard_error":158824.6056715049},"median":{"confidence_interval":{"confidence_level":0.95,"lower_bound":83879171.0,"upper_bound":84128251.5},"point_estimate":83956079.5,"standard_error":65265.337626358014},"median_abs_dev":{"confidence_interval":{"confidence_level":0.95,"lower_bound":499011.2752407789,"upper_bound":818989.3188775328},"point_estimate":684346.6501504183,"standard_error":79952.72119954783},"slope":null,"std_dev":{"confidence_interval":{"confidence_level":0.95,"lower_bound":786133.5272456241,"upper_bound":2447488.655145092},"point_estimate":1594057.760498012,"standard_error":528762.6351566241}}