{"mean":{"confidence_interval":{"confidence_level":0.95,"lower_bound":137642009.1835,"upper_bound":139518663.65375},"point_estimate":138540094.51,"standard_error":478662.3160934579},"median":{"confidence_interval":{"confidence_level":0.95,"lower_bound":136286878.0,"upper_bound":137627153.0},"point_estimate":136918924.0,"standard_error":315676.7252638595},"median_abs_dev":{"confidence_interval":{"confidence_level":0.95,"lower_bound":1940491.3386493921,"upper_bound":3314587.9745543003},"point_estimate":2537297.1320539713,"standard_error":346404.4727405629},"slope":null,"std_dev":{"confidence_interval":{"confidence_level":0.95,"lower_bound":3741724.6616698112,"upper_bound":5672796.025918503},"point_estimate":4812193.977765581,"standard_error":492326.9032100422}}