{"mean":{"confidence_interval":{"confidence_level":0.95,"lower_bound":132547474.634,"upper_bound":137377090.98075},"point_estimate":134913461.6,"standard_error":1231441.5065372281},"median":{"confidence_interval":{"confidence_level":0.95,"lower_bound":128093736.0,"upper_bound":136462340.0},"point_estimate":131273122.5,"standard_error":2198276.5261624698},"median_abs_dev":{"confidence_interval":{"confidence_level":0.95,"lower_bound":8839312.934070826,"upper_bound":15081866.469593337},"point_estimate":11630735.855913162,"standard_error":1668156.2449910336},"slope":null,"std_dev":{"confidence_interval":{"confidence_level":0.95,"lower_bound":10480711.558341956,"upper_bound":14138645.294363752},"point_estimate":12403569.001038415,"standard_error":937606.7040081507}}