{"mean":{"confidence_interval":{"confidence_level":0.95,"lower_bound":350661721.28325003,"upper_bound":352062665.138},"point_estimate":351331527.66,"standard_error":357417.77832768066},"median":{"confidence_interval":{"confidence_level":0.95,"lower_bound":350010917.0,"upper_bound":350925503.5},"point_estimate":350688181.0,"standard_error":248792.33454165954},"median_abs_dev":{"confidence_interval":{"confidence_level":0.95,"lower_bound":1990134.716168046,"upper_bound":3996852.313041687},"point_estimate":2944594.7729229927,"standard_error":519346.9188148448},"slope":null,"std_dev":{"confidence_interval":{"confidence_level":0.95,"lower_bound":2730115.1253676447,"upper_bound":4559198.0039809765},"point_estimate":3588878.5550019965,"standard_error":489324.1847571653}}