{"mean":{"confidence_interval":{"confidence_level":0.95,"lower_bound":345422437.8,"upper_bound":347096297.9145},"point_estimate":346226621.08,"standard_error":428412.75117887533},"median":{"confidence_interval":{"confidence_level":0.95,"lower_bound":343679313.0,"upper_bound":346526860.0},"point_estimate":344923399.5,"standard_error":775676.4706756469},"median_abs_dev":{"confidence_interval":{"confidence_level":0.95,"lower_bound":2099149.550932646,"upper_bound":4766130.44398427},"point_estimate":3737842.8389400244,"standard_error":845507.4911542196},"slope":null,"std_dev":{"confidence_interval":{"confidence_level":0.95,"lower_bound":3296912.7723585754,"upper_bound":5459236.559300313},"point_estimate":4307243.753756346,"standard_error":582489.3391615518}}