{"mean":{"confidence_interval":{"confidence_level":0.95,"lower_bound":414802442.28075,"upper_bound":417581143.85},"point_estimate":416112152.6,"standard_error":710987.8143773781},"median":{"confidence_interval":{"confidence_level":0.95,"lower_bound":413091814.0,"upper_bound":415423420.5},"point_estimate":414058694.5,"standard_error":701743.5786839318},"median_abs_dev":{"confidence_interval":{"confidence_level":0.95,"lower_bound":3049831.2016546726,"upper_bound":5453388.920482993},"point_estimate":3827211.741453409,"standard_error":643676.3054422525},"slope":null,"std_dev":{"confidence_interval":{"confidence_level":0.95,"lower_bound":4999253.521199853,"upper_bound":8985233.986750677},"point_estimate":7118069.363098204,"standard_error":1021039.7247939837}}