{"mean":{"confidence_interval":{"confidence_level":0.95,"lower_bound":239927.2980179433,"upper_bound":241780.45997274472},"point_estimate":240724.72091292674,"standard_error":478.75872481583576},"median":{"confidence_interval":{"confidence_level":0.95,"lower_bound":239387.6,"upper_bound":240064.3713414634},"point_estimate":239755.60792838875,"standard_error":195.50848915616533},"median_abs_dev":{"confidence_interval":{"confidence_level":0.95,"lower_bound":1067.9105298234151,"upper_bound":1901.2303711502566},"point_estimate":1401.5345700325465,"standard_error":209.93531234910395},"slope":{"confidence_interval":{"confidence_level":0.95,"lower_bound":240238.14502440087,"upper_bound":241807.64183857656},"point_estimate":240938.42663809666,"standard_error":401.3802229302276},"std_dev":{"confidence_interval":{"confidence_level":0.95,"lower_bound":2081.880481606278,"upper_bound":7366.521613613946},"point_estimate":4797.471013429639,"standard_error":1536.6799593367778}}