{"mean":{"confidence_interval":{"confidence_level":0.95,"lower_bound":552808718.56875,"upper_bound":555678094.598},"point_estimate":554232746.65,"standard_error":731239.4304564375},"median":{"confidence_interval":{"confidence_level":0.95,"lower_bound":552045741.0,"upper_bound":555198822.0},"point_estimate":553745485.0,"standard_error":808060.8053766779},"median_abs_dev":{"confidence_interval":{"confidence_level":0.95,"lower_bound":4664203.178393841,"upper_bound":7626099.893009663},"point_estimate":5733897.576802969,"standard_error":721728.1225446385},"slope":null,"std_dev":{"confidence_interval":{"confidence_level":0.95,"lower_bound":6220617.396555176,"upper_bound":8384871.661448068},"point_estimate":7361534.219688476,"standard_error":550637.4396205932}}