{"mean":{"confidence_interval":{"confidence_level":0.95,"lower_bound":841436871.5289999,"upper_bound":845488637.808},"point_estimate":843271531.38,"standard_error":1035386.6175798102},"median":{"confidence_interval":{"confidence_level":0.95,"lower_bound":839063001.0,"upper_bound":841343754.5},"point_estimate":839702698.5,"standard_error":537054.5223929541},"median_abs_dev":{"confidence_interval":{"confidence_level":0.95,"lower_bound":3310353.4466394805,"upper_bound":6542346.962740123},"point_estimate":4656701.963827014,"standard_error":781562.0857216804},"slope":null,"std_dev":{"confidence_interval":{"confidence_level":0.95,"lower_bound":6202742.025568608,"upper_bound":14928739.633657703},"point_estimate":10398498.364319135,"standard_error":2526889.97439309}}