{"mean":{"confidence_interval":{"confidence_level":0.95,"lower_bound":2409753133.69825,"upper_bound":2422943203.11375},"point_estimate":2416055314.0,"standard_error":3371734.6625706474},"median":{"confidence_interval":{"confidence_level":0.95,"lower_bound":2401232860.0,"upper_bound":2413291904.0},"point_estimate":2405996109.5,"standard_error":2979111.939529571},"median_abs_dev":{"confidence_interval":{"confidence_level":0.95,"lower_bound":18838569.092148542,"upper_bound":33362718.145993352},"point_estimate":24856503.913208842,"standard_error":3417276.80581469},"slope":null,"std_dev":{"confidence_interval":{"confidence_level":0.95,"lower_bound":25063072.825370647,"upper_bound":42570103.98990833},"point_estimate":33871331.17809185,"standard_error":4536366.313416969}}