{"mean":{"confidence_interval":{"confidence_level":0.95,"lower_bound":4014980222.7297497,"upper_bound":4060214036.73725},"point_estimate":4036732402.43,"standard_error":11534392.118938455},"median":{"confidence_interval":{"confidence_level":0.95,"lower_bound":3970218206.0,"upper_bound":4005310658.0},"point_estimate":3984563438.5,"standard_error":8998841.447580986},"median_abs_dev":{"confidence_interval":{"confidence_level":0.95,"lower_bound":32620878.585426148,"upper_bound":77120425.06983876},"point_estimate":48831602.14206576,"standard_error":11715159.771219375},"slope":null,"std_dev":{"confidence_interval":{"confidence_level":0.95,"lower_bound":92541655.91583294,"upper_bound":135027089.48943168},"point_estimate":115632746.22926857,"standard_error":10838121.584074363}}