{"mean":{"confidence_interval":{"confidence_level":0.95,"lower_bound":2612314566.5755,"upper_bound":2621145691.02325},"point_estimate":2616675741.58,"standard_error":2252191.117616035},"median":{"confidence_interval":{"confidence_level":0.95,"lower_bound":2609791842.0,"upper_bound":2621470589.0},"point_estimate":2616022452.0,"standard_error":2487306.864683087},"median_abs_dev":{"confidence_interval":{"confidence_level":0.95,"lower_bound":16966516.792184114,"upper_bound":29425251.37489736},"point_estimate":23664177.740576863,"standard_error":3412235.3403834086},"slope":null,"std_dev":{"confidence_interval":{"confidence_level":0.95,"lower_bound":19567149.29393064,"upper_bound":25375852.9927476},"point_estimate":22632741.17170769,"standard_error":1481101.881490927}}