{"mean":{"confidence_interval":{"confidence_level":0.95,"lower_bound":4080594493.11,"upper_bound":4090565937.17575},"point_estimate":4085523655.48,"standard_error":2543600.2099799},"median":{"confidence_interval":{"confidence_level":0.95,"lower_bound":4073220634.0,"upper_bound":4092120128.0},"point_estimate":4083360227.5,"standard_error":4494985.745076944},"median_abs_dev":{"confidence_interval":{"confidence_level":0.95,"lower_bound":21947386.275056005,"upper_bound":34778525.50825775},"point_estimate":28604157.116174698,"standard_error":3292443.50411011},"slope":null,"std_dev":{"confidence_interval":{"confidence_level":0.95,"lower_bound":22275080.697577745,"upper_bound":28426043.815423198},"point_estimate":25545549.41534361,"standard_error":1567719.415333992}}