{"mean":{"confidence_interval":{"confidence_level":0.95,"lower_bound":2597716108.36175,"upper_bound":2603434458.679},"point_estimate":2600551092.33,"standard_error":1455989.8387968515},"median":{"confidence_interval":{"confidence_level":0.95,"lower_bound":2596015337.0,"upper_bound":2602896285.0},"point_estimate":2600572763.0,"standard_error":1698201.0012164686},"median_abs_dev":{"confidence_interval":{"confidence_level":0.95,"lower_bound":11718157.36336112,"upper_bound":18012075.94562173},"point_estimate":14405866.486644745,"standard_error":1553241.7088515225},"slope":null,"std_dev":{"confidence_interval":{"confidence_level":0.95,"lower_bound":12433077.449356358,"upper_bound":16684246.47813522},"point_estimate":14664749.04001486,"standard_error":1089275.7200584374}}