{"mean":{"confidence_interval":{"confidence_level":0.95,"lower_bound":5190054583.135,"upper_bound":5198157337.1414995},"point_estimate":5194076246.11,"standard_error":2068488.6888728822},"median":{"confidence_interval":{"confidence_level":0.95,"lower_bound":5181773972.0,"upper_bound":5199841049.0},"point_estimate":5188599768.5,"standard_error":4497604.617728952},"median_abs_dev":{"confidence_interval":{"confidence_level":0.95,"lower_bound":15657368.895171145,"upper_bound":30006168.885684013},"point_estimate":23540674.938869476,"standard_error":3375050.1668040496},"slope":null,"std_dev":{"confidence_interval":{"confidence_level":0.95,"lower_bound":18759972.668588374,"upper_bound":22578635.28171373},"point_estimate":20868286.794792663,"standard_error":971796.7948008344}}