{"mean":{"confidence_interval":{"confidence_level":0.95,"lower_bound":2669116.7305131587,"upper_bound":2709142.0950921043},"point_estimate":2688036.874736842,"standard_error":10189.406507123642},"median":{"confidence_interval":{"confidence_level":0.95,"lower_bound":2641066.5789473685,"upper_bound":2649589.6842105263},"point_estimate":2645462.5,"standard_error":2489.354331470184},"median_abs_dev":{"confidence_interval":{"confidence_level":0.95,"lower_bound":15207.496119486694,"upper_bound":27294.431420690118},"point_estimate":20492.926009862138,"standard_error":3308.69205714587},"slope":null,"std_dev":{"confidence_interval":{"confidence_level":0.95,"lower_bound":76051.27945390553,"upper_bound":129203.94409956686},"point_estimate":102571.92636827286,"standard_error":13711.829032524356}}