{"mean":{"confidence_interval":{"confidence_level":0.95,"lower_bound":2628336.5465921056,"upper_bound":2651370.532618421},"point_estimate":2638439.790526316,"standard_error":5956.384509193452},"median":{"confidence_interval":{"confidence_level":0.95,"lower_bound":2618655.4736842103,"upper_bound":2629025.5},"point_estimate":2622558.947368421,"standard_error":2568.3587148080737},"median_abs_dev":{"confidence_interval":{"confidence_level":0.95,"lower_bound":14970.163076331595,"upper_bound":26558.40831928339},"point_estimate":19690.683360947114,"standard_error":2971.2610798117917},"slope":null,"std_dev":{"confidence_interval":{"confidence_level":0.95,"lower_bound":27999.98606706591,"upper_bound":89577.54870263493},"point_estimate":59783.92847463259,"standard_error":16736.84287628036}}