{"mean":{"confidence_interval":{"confidence_level":0.95,"lower_bound":1155205938.247,"upper_bound":1166551746.1967502},"point_estimate":1160749853.49,"standard_error":2891871.4764067745},"median":{"confidence_interval":{"confidence_level":0.95,"lower_bound":1142319279.0,"upper_bound":1159204814.0},"point_estimate":1147615349.0,"standard_error":4365500.556605567},"median_abs_dev":{"confidence_interval":{"confidence_level":0.95,"lower_bound":11731614.9233222,"upper_bound":33766345.61062753},"point_estimate":19342780.586797,"standard_error":5611662.217703733},"slope":null,"std_dev":{"confidence_interval":{"confidence_level":0.95,"lower_bound":24715790.096845932,"upper_bound":32493088.324960068},"point_estimate":28966194.089589406,"standard_error":1987976.502150273}}