{"mean":{"confidence_interval":{"confidence_level":0.95,"lower_bound":10359721.584000003,"upper_bound":10506523.62385},"point_estimate":10429644.654000005,"standard_error":37584.481489577236},"median":{"confidence_interval":{"confidence_level":0.95,"lower_bound":10260014.9,"upper_bound":10369644.1},"point_estimate":10287497.7,"standard_error":30430.975322318274},"median_abs_dev":{"confidence_interval":{"confidence_level":0.95,"lower_bound":132716.27098381438,"upper_bound":225021.18475757612},"point_estimate":185593.9403450481,"standard_error":24004.162657308658},"slope":null,"std_dev":{"confidence_interval":{"confidence_level":0.95,"lower_bound":281583.615236068,"upper_bound":454090.5202773484},"point_estimate":376825.5498908251,"standard_error":44293.54744363186}}