{"mean":{"confidence_interval":{"confidence_level":0.95,"lower_bound":5815479.572500001,"upper_bound":5888869.802357142},"point_estimate":5847680.885714285,"standard_error":18838.416852848462},"median":{"confidence_interval":{"confidence_level":0.95,"lower_bound":5811102.214285715,"upper_bound":5834577.714285715},"point_estimate":5820049.785714285,"standard_error":6406.88593657503},"median_abs_dev":{"confidence_interval":{"confidence_level":0.95,"lower_bound":61591.75660652833,"upper_bound":115937.19994170385},"point_estimate":99231.68703828628,"standard_error":14328.47519622693},"slope":null,"std_dev":{"confidence_interval":{"confidence_level":0.95,"lower_bound":80643.68611925725,"upper_bound":279307.3248102276},"point_estimate":189281.3140662502,"standard_error":52451.419904995106}}