{"mean":{"confidence_interval":{"confidence_level":0.95,"lower_bound":24563083.121666655,"upper_bound":24695831.052833334},"point_estimate":24610186.36666667,"standard_error":40302.59285213227},"median":{"confidence_interval":{"confidence_level":0.95,"lower_bound":24565866.333333332,"upper_bound":24580251.0},"point_estimate":24572758.5,"standard_error":4409.158668848245},"median_abs_dev":{"confidence_interval":{"confidence_level":0.95,"lower_bound":28894.885087011404,"upper_bound":45695.707988742695},"point_estimate":39300.018802285194,"standard_error":4480.78647800041},"slope":null,"std_dev":{"confidence_interval":{"confidence_level":0.95,"lower_bound":30982.799117596052,"upper_bound":693473.8313754264},"point_estimate":405157.07282995025,"standard_error":234477.0582136842}}