{"mean":{"confidence_interval":{"confidence_level":0.95,"lower_bound":32839857.151750002,"upper_bound":33154925.7685},"point_estimate":32982308.97,"standard_error":80846.4829528073},"median":{"confidence_interval":{"confidence_level":0.95,"lower_bound":32684632.5,"upper_bound":32849091.25},"point_estimate":32747449.75,"standard_error":38149.161730528176},"median_abs_dev":{"confidence_interval":{"confidence_level":0.95,"lower_bound":240349.84148293734,"upper_bound":448027.997995913},"point_estimate":322948.08056652546,"standard_error":55332.74984781711},"slope":null,"std_dev":{"confidence_interval":{"confidence_level":0.95,"lower_bound":434474.3432116886,"upper_bound":1139735.6771795703},"point_estimate":809286.9307164386,"standard_error":183073.4841506404}}