{"mean":{"confidence_interval":{"confidence_level":0.95,"lower_bound":10483430.140449999,"upper_bound":10656639.709999995},"point_estimate":10565952.935999997,"standard_error":44341.726983629946},"median":{"confidence_interval":{"confidence_level":0.95,"lower_bound":10402450.6,"upper_bound":10558818.6},"point_estimate":10473618.7,"standard_error":40012.96489523187},"median_abs_dev":{"confidence_interval":{"confidence_level":0.95,"lower_bound":291519.88555298705,"upper_bound":477870.96375909226},"point_estimate":381114.1840338693,"standard_error":44659.715383558505},"slope":null,"std_dev":{"confidence_interval":{"confidence_level":0.95,"lower_bound":335344.703121768,"upper_bound":564229.0635934697},"point_estimate":445977.44287477585,"standard_error":59983.4512941128}}