{"mean":{"confidence_interval":{"confidence_level":0.95,"lower_bound":6095472.524821428,"upper_bound":6188580.477535715},"point_estimate":6135057.678571432,"standard_error":24011.212387448497},"median":{"confidence_interval":{"confidence_level":0.95,"lower_bound":6047845.571428572,"upper_bound":6114382.142857143},"point_estimate":6055730.5,"standard_error":13676.81644060857},"median_abs_dev":{"confidence_interval":{"confidence_level":0.95,"lower_bound":49963.72501296716,"upper_bound":113831.48437908677},"point_estimate":77314.62342739105,"standard_error":15653.932797585256},"slope":null,"std_dev":{"confidence_interval":{"confidence_level":0.95,"lower_bound":105628.26205838255,"upper_bound":375323.8783618637},"point_estimate":241564.25780123903,"standard_error":82669.00939163889}}