{"mean":{"confidence_interval":{"confidence_level":0.95,"lower_bound":1870834904.36725,"upper_bound":1886978436.3855002},"point_estimate":1878517256.05,"standard_error":4130697.9057339136},"median":{"confidence_interval":{"confidence_level":0.95,"lower_bound":1863335339.5,"upper_bound":1882860191.0},"point_estimate":1867932320.0,"standard_error":6309696.726847217},"median_abs_dev":{"confidence_interval":{"confidence_level":0.95,"lower_bound":29287306.826301366,"upper_bound":43517786.66570485},"point_estimate":36234834.53660309,"standard_error":3586788.6190980976},"slope":null,"std_dev":{"confidence_interval":{"confidence_level":0.95,"lower_bound":29994459.977739405,"upper_bound":53019925.98742159},"point_estimate":41435830.13721723,"standard_error":6014054.086563728}}