{"mean":{"confidence_interval":{"confidence_level":0.95,"lower_bound":1937855424.31775,"upper_bound":1953492577.48},"point_estimate":1945246037.1,"standard_error":3992885.69226466},"median":{"confidence_interval":{"confidence_level":0.95,"lower_bound":1929205180.0,"upper_bound":1944317732.0},"point_estimate":1940832916.5,"standard_error":4604749.344307568},"median_abs_dev":{"confidence_interval":{"confidence_level":0.95,"lower_bound":21748853.536480665,"upper_bound":37550583.45054388},"point_estimate":30391670.824339986,"standard_error":4226664.00516426},"slope":null,"std_dev":{"confidence_interval":{"confidence_level":0.95,"lower_bound":28393334.07100747,"upper_bound":51124349.39085057},"point_estimate":40097679.73431981,"standard_error":5862671.507250988}}