{"mean":{"confidence_interval":{"confidence_level":0.95,"lower_bound":9671863968.749,"upper_bound":9679508781.069},"point_estimate":9675632837.71,"standard_error":1951044.1515480853},"median":{"confidence_interval":{"confidence_level":0.95,"lower_bound":9670050112.5,"upper_bound":9676903840.5},"point_estimate":9672522505.5,"standard_error":1777469.6666268576},"median_abs_dev":{"confidence_interval":{"confidence_level":0.95,"lower_bound":15022342.675200105,"upper_bound":23712612.79911697},"point_estimate":20555415.413868427,"standard_error":2068741.2910794541},"slope":null,"std_dev":{"confidence_interval":{"confidence_level":0.95,"lower_bound":16633462.969641197,"upper_bound":22351914.761028156},"point_estimate":19617533.539375976,"standard_error":1459300.2812503476}}