{"mean":{"confidence_interval":{"confidence_level":0.95,"lower_bound":11039079433.182251,"upper_bound":11154146878.807749},"point_estimate":11095324004.46,"standard_error":29365361.828451637},"median":{"confidence_interval":{"confidence_level":0.95,"lower_bound":10930621398.0,"upper_bound":11107674130.0},"point_estimate":11049330792.0,"standard_error":57360813.435612515},"median_abs_dev":{"confidence_interval":{"confidence_level":0.95,"lower_bound":180313915.54598832,"upper_bound":368070082.6578498},"point_estimate":292365837.8241688,"standard_error":56283318.22509103},"slope":null,"std_dev":{"confidence_interval":{"confidence_level":0.95,"lower_bound":247876186.33228374,"upper_bound":333918707.08577186},"point_estimate":294064612.17772037,"standard_error":22032878.28328398}}