{"mean":{"confidence_interval":{"confidence_level":0.95,"lower_bound":1226111331.7954998,"upper_bound":1232127526.81175},"point_estimate":1229138164.23,"standard_error":1534204.1312324794},"median":{"confidence_interval":{"confidence_level":0.95,"lower_bound":1224869308.0,"upper_bound":1236840147.0},"point_estimate":1229380687.5,"standard_error":3001254.065076062},"median_abs_dev":{"confidence_interval":{"confidence_level":0.95,"lower_bound":13900015.2364254,"upper_bound":21175903.51795256},"point_estimate":18273075.06888807,"standard_error":1835582.3360128251},"slope":null,"std_dev":{"confidence_interval":{"confidence_level":0.95,"lower_bound":13611277.248193685,"upper_bound":17051282.052956127},"point_estimate":15426201.188679395,"standard_error":879309.0376278384}}