{"mean":{"confidence_interval":{"confidence_level":0.95,"lower_bound":10083957.506,"upper_bound":10202591.392250001},"point_estimate":10138649.012,"standard_error":30395.836049054287},"median":{"confidence_interval":{"confidence_level":0.95,"lower_bound":10034848.0,"upper_bound":10068785.4},"point_estimate":10046948.100000001,"standard_error":7589.595441026819},"median_abs_dev":{"confidence_interval":{"confidence_level":0.95,"lower_bound":64544.841594101934,"upper_bound":113623.77477027553},"point_estimate":89139.98907744829,"standard_error":11657.952397641287},"slope":null,"std_dev":{"confidence_interval":{"confidence_level":0.95,"lower_bound":192555.86827364806,"upper_bound":394579.4440679374},"point_estimate":304301.1404354678,"standard_error":51443.43037972104}}