{"mean":{"confidence_interval":{"confidence_level":0.95,"lower_bound":5982372.0942187505,"upper_bound":6012989.9191875},"point_estimate":5995088.99625,"standard_error":7978.037793700175},"median":{"confidence_interval":{"confidence_level":0.95,"lower_bound":5976007.75,"upper_bound":5991850.5},"point_estimate":5983374.6875,"standard_error":4441.637654653468},"median_abs_dev":{"confidence_interval":{"confidence_level":0.95,"lower_bound":20480.172723904252,"upper_bound":32857.10262916982},"point_estimate":26345.986857265234,"standard_error":3132.0478144144518},"slope":null,"std_dev":{"confidence_interval":{"confidence_level":0.95,"lower_bound":22958.23692199574,"upper_bound":127203.74101698074},"point_estimate":80150.00454652258,"standard_error":29231.905440921924}}