{"mean":{"confidence_interval":{"confidence_level":0.95,"lower_bound":8896825.926050004,"upper_bound":9015474.032699998},"point_estimate":8947327.436,"standard_error":30815.945345757555},"median":{"confidence_interval":{"confidence_level":0.95,"lower_bound":8849362.2,"upper_bound":8911475.9},"point_estimate":8880799.3,"standard_error":16967.115976174235},"median_abs_dev":{"confidence_interval":{"confidence_level":0.95,"lower_bound":76839.74294932383,"upper_bound":138715.9082972998},"point_estimate":105139.17017340715,"standard_error":16508.716366678913},"slope":null,"std_dev":{"confidence_interval":{"confidence_level":0.95,"lower_bound":119590.06628560211,"upper_bound":486042.9444847195},"point_estimate":309715.7935114236,"standard_error":107785.20556598551}}