{"mean":{"confidence_interval":{"confidence_level":0.95,"lower_bound":82065.9492140035,"upper_bound":83279.54974614357},"point_estimate":82631.5573876627,"standard_error":311.6442808592705},"median":{"confidence_interval":{"confidence_level":0.95,"lower_bound":81326.56864881693,"upper_bound":81755.42077922077},"point_estimate":81449.6126537727,"standard_error":96.21251307884546},"median_abs_dev":{"confidence_interval":{"confidence_level":0.95,"lower_bound":461.602688168542,"upper_bound":1015.4072662104394},"point_estimate":683.8896781407692,"standard_error":141.49069366211276},"slope":{"confidence_interval":{"confidence_level":0.95,"lower_bound":81983.71182225047,"upper_bound":83097.53789621677},"point_estimate":82487.41617609523,"standard_error":285.0737917140292},"std_dev":{"confidence_interval":{"confidence_level":0.95,"lower_bound":2068.916180673275,"upper_bound":4033.0887305138353},"point_estimate":3121.9056641267375,"standard_error":501.1894527647554}}