{"mean":{"confidence_interval":{"confidence_level":0.95,"lower_bound":5088152549.87875,"upper_bound":5119453120.50375},"point_estimate":5103379376.87,"standard_error":8006238.178712618},"median":{"confidence_interval":{"confidence_level":0.95,"lower_bound":5066468936.0,"upper_bound":5107355905.0},"point_estimate":5082775475.0,"standard_error":11518145.2326233},"median_abs_dev":{"confidence_interval":{"confidence_level":0.95,"lower_bound":59189881.74456954,"upper_bound":102224866.40054584},"point_estimate":79448717.8597033,"standard_error":11085449.14827171},"slope":null,"std_dev":{"confidence_interval":{"confidence_level":0.95,"lower_bound":66975379.7731452,"upper_bound":93253544.87316632},"point_estimate":80802246.94559503,"standard_error":6698563.1631138595}}