{"mean":{"confidence_interval":{"confidence_level":0.95,"lower_bound":9924278.363333333,"upper_bound":9985817.43133333},"point_estimate":9945588.226666667,"standard_error":19088.46772349881},"median":{"confidence_interval":{"confidence_level":0.95,"lower_bound":9922576.5,"upper_bound":9927580.666666666},"point_estimate":9924796.25,"standard_error":1171.7721020493698},"median_abs_dev":{"confidence_interval":{"confidence_level":0.95,"lower_bound":8248.815603554249,"upper_bound":15666.26327186961},"point_estimate":10971.239805221558,"standard_error":1844.247017444814},"slope":null,"std_dev":{"confidence_interval":{"confidence_level":0.95,"lower_bound":11870.94005920772,"upper_bound":331884.5328872439},"point_estimate":193756.36800509584,"standard_error":114918.22758851714}}