{"mean":{"confidence_interval":{"confidence_level":0.95,"lower_bound":547129161.4975,"upper_bound":549011358.916},"point_estimate":548006774.07,"standard_error":481341.3134443505},"median":{"confidence_interval":{"confidence_level":0.95,"lower_bound":546283340.0,"upper_bound":548015126.0},"point_estimate":547128133.5,"standard_error":445602.39808184723},"median_abs_dev":{"confidence_interval":{"confidence_level":0.95,"lower_bound":2453504.325106591,"upper_bound":3941709.1567906733},"point_estimate":3437981.805163622,"standard_error":387503.02738477266},"slope":null,"std_dev":{"confidence_interval":{"confidence_level":0.95,"lower_bound":3178537.8068240206,"upper_bound":6482046.891680912},"point_estimate":4816087.8098023115,"standard_error":868814.6076373847}}