{"mean":{"confidence_interval":{"confidence_level":0.95,"lower_bound":5339116900.603999,"upper_bound":5381420601.160999},"point_estimate":5359448657.06,"standard_error":10800774.251934579},"median":{"confidence_interval":{"confidence_level":0.95,"lower_bound":5314784734.0,"upper_bound":5348073925.5},"point_estimate":5328991412.0,"standard_error":8749936.557215877},"median_abs_dev":{"confidence_interval":{"confidence_level":0.95,"lower_bound":56712618.05064976,"upper_bound":96519024.80434477},"point_estimate":74101880.43412864,"standard_error":10472407.056268858},"slope":null,"std_dev":{"confidence_interval":{"confidence_level":0.95,"lower_bound":84783699.71855828,"upper_bound":129857122.19779141},"point_estimate":108705586.7418272,"standard_error":11502135.386125902}}