{"mean":{"confidence_interval":{"confidence_level":0.95,"lower_bound":2585522226.97675,"upper_bound":2591826402.46125},"point_estimate":2588594761.52,"standard_error":1612825.1257823391},"median":{"confidence_interval":{"confidence_level":0.95,"lower_bound":2583956645.0,"upper_bound":2590390366.0},"point_estimate":2587685523.5,"standard_error":1442601.774885178},"median_abs_dev":{"confidence_interval":{"confidence_level":0.95,"lower_bound":10395426.88614428,"upper_bound":18901177.06513703},"point_estimate":13162629.313516617,"standard_error":2216249.7674888754},"slope":null,"std_dev":{"confidence_interval":{"confidence_level":0.95,"lower_bound":13176880.717001684,"upper_bound":19060103.114659004},"point_estimate":16254185.179388031,"standard_error":1505185.4828758265}}