{"mean":{"confidence_interval":{"confidence_level":0.95,"lower_bound":2490530574.4055,"upper_bound":2507812297.8387504},"point_estimate":2498985156.66,"standard_error":4411310.067878057},"median":{"confidence_interval":{"confidence_level":0.95,"lower_bound":2470959494.5,"upper_bound":2490387399.0},"point_estimate":2474509579.0,"standard_error":5510617.715796271},"median_abs_dev":{"confidence_interval":{"confidence_level":0.95,"lower_bound":15851981.157571077,"upper_bound":48585533.541834354},"point_estimate":23443106.517201662,"standard_error":8527191.2194588},"slope":null,"std_dev":{"confidence_interval":{"confidence_level":0.95,"lower_bound":38586911.465307824,"upper_bound":49171552.44562756},"point_estimate":44249948.25046064,"standard_error":2701859.7500028093}}